[
{"site":"localhost","selector":".msg-box"},
{"site":"youtube","selector":"#watch-discussion"},
{"site":"huffingtonpost","selector":".comment-button"},
{"site":"huffingtonpost","selector":".js-entry-comments"},
{"site":"huffingtonpost","selector":"#comments"},
{"site":"usuncut","selector":".fb-comments"},
{"site":"facebook","selector":".UFIContainer"},
{"site":"theblaze","selector":"#comments"},
{"site":"thehill","selector":"#disqus_thread"},
{"site":"chicagotribune","selector":".trb_cm"},
{"site":"chicagotribune","selector":".viafoura"},
{"site":"salon","selector":".live-fyre"},
{"site":"salon","selector":"#comments"},
{"site":"vice","selector":"#comments"},
{"site":"breitbart","selector":"#disqus_thread"},
{"site":"slate","selector":".comments"},
{"site":"npr","selector":"#disqus-npr"},
{"site":"washingtonpost","selector":"#comments"},
{"site":"buzzfeed","selector":"#fb_comments_control"},
{"site":"gawker","selector":"#js_discussion-region"},
{"site":"theguardian","selector":"#comments"},
{"site":"facebook","selector":".commentable_item"}
]